well_id,latitude,longitude
Well-01,47.23396200,-122.39130600
Well-02,47.23064302,-122.38845445
Well-03,47.23241300,-122.38676100
Well-06,47.22187100,-122.37891900
Well-09,47.22011300,-122.37518400
Well-10,47.21617500,-122.36745100
Well-11,47.21828000,-122.36580900
Well-12,47.21475400,-122.36526700
Well-14,47.21722200,-122.35956100
Well-16,47.22190400,-122.37194500
Well-17,47.22057743,-122.36159812
Well-19,47.22912900,-122.38455000
Well-08,47.22487415,-122.36947218
Well-20,47.23064346,-122.38851627
Nancys-Ditch,47.22078935,-122.37636432
